code,target,achieved,month,date
459,105814,39498,SEPTEMBER,30-09-26
461,126977,103806,SEPTEMBER,30-09-26
473,114279,64121,SEPTEMBER,30-09-26
424,164012,135329,SEPTEMBER,30-09-26
430,236865,302360,SEPTEMBER,30-09-26
480,159780,161131,SEPTEMBER,30-09-26
483,276016,137476,SEPTEMBER,30-09-26
431,270144,42271,SEPTEMBER,30-09-26
442,143907,101293,SEPTEMBER,30-09-26
489,160838,302312,SEPTEMBER,30-09-26
491,165070,198914,SEPTEMBER,30-09-26
492,276016,0,SEPTEMBER,30-09-26
986,121218,103448,SEPTEMBER,30-09-26
991,138982,122893,SEPTEMBER,30-09-26
9009,114948,130275,SEPTEMBER,30-09-26
9019,120173,43572,SEPTEMBER,30-09-26
9028,120173,115512,SEPTEMBER,30-09-26
852,132713,133479,SEPTEMBER,30-09-26
978,125398,93228,SEPTEMBER,30-09-26
915,104498,120094,SEPTEMBER,30-09-26
9007,104498,108700,SEPTEMBER,30-09-26
9001,125398,8103,SEPTEMBER,30-09-26
9036,156747,186046,SEPTEMBER,30-09-26
840,343406,400720,SEPTEMBER,30-09-26
8001,469321,19673,SEPTEMBER,30-09-26
880,370878,522516,SEPTEMBER,30-09-26
820,389193,248866,SEPTEMBER,30-09-26
837,274725,174557,SEPTEMBER,30-09-26
866,354853,266805,SEPTEMBER,30-09-26
809,299908,101241,SEPTEMBER,30-09-26
8065,309065,333275,SEPTEMBER,30-09-26
877,380036,165988,SEPTEMBER,30-09-26
805,416666,116773,SEPTEMBER,30-09-26
8105,297618,220653,SEPTEMBER,30-09-26
8050,290750,52881,SEPTEMBER,30-09-26
890,336538,234412,SEPTEMBER,30-09-26
8023,327380,150166,SEPTEMBER,30-09-26
889,272435,176366,SEPTEMBER,30-09-26
8046,274725,116196,SEPTEMBER,30-09-26
8121,297618,89640,SEPTEMBER,30-09-26
8124,343406,248211,SEPTEMBER,30-09-26
8069,263278,163884,SEPTEMBER,30-09-26
849,377746,199288,SEPTEMBER,30-09-26
823,286171,244791,SEPTEMBER,30-09-26
8067,320512,382452,SEPTEMBER,30-09-26
8088,251831,112704,SEPTEMBER,30-09-26
8195,366299,0,SEPTEMBER,30-09-26
8209,251831,182645,SEPTEMBER,30-09-26
8115,320512,244705,SEPTEMBER,30-09-26
8196,366299,163063,SEPTEMBER,30-09-26
8217,297618,262965,SEPTEMBER,30-09-26
8221,366299,124146,SEPTEMBER,30-09-26
8166,297618,147283,SEPTEMBER,30-09-26
8220,297618,207784,SEPTEMBER,30-09-26
829,434981,259836,SEPTEMBER,30-09-26
8204,297618,135139,SEPTEMBER,30-09-26
8164,240384,145467,SEPTEMBER,30-09-26
8231,309065,200586,SEPTEMBER,30-09-26
8103,320512,113233,SEPTEMBER,30-09-26
8232,240384,141649,SEPTEMBER,30-09-26
8236,286171,217485,SEPTEMBER,30-09-26
8235,286171,134274,SEPTEMBER,30-09-26
372,238490,155316,SEPTEMBER,30-09-26
3054,143094,154218,SEPTEMBER,30-09-26
59,170106,109668,SEPTEMBER,30-09-26
3060,149908,180986,SEPTEMBER,30-09-26
321,458856,189628,SEPTEMBER,30-09-26
327,235083,103901,SEPTEMBER,30-09-26
3057,215323,157826,SEPTEMBER,30-09-26
385,183978,156103,SEPTEMBER,30-09-26
3038,181253,185717,SEPTEMBER,30-09-26
3017,179890,78032,SEPTEMBER,30-09-26
3061,352966,236330,SEPTEMBER,30-09-26
3067,116874,250999,SEPTEMBER,30-09-26
397,224862,170662,SEPTEMBER,30-09-26
3068,197606,220877,SEPTEMBER,30-09-26
3058,390784,158735,SEPTEMBER,30-09-26
3073,167625,276701,SEPTEMBER,30-09-26
3028,179890,187266,SEPTEMBER,30-09-26
730,102438,133804,SEPTEMBER,30-09-26
721,85365,108025,SEPTEMBER,30-09-26
708,119511,173321,SEPTEMBER,30-09-26
725,91238,141636,SEPTEMBER,30-09-26
7017,79834,150516,SEPTEMBER,30-09-26
798,71280,126446,SEPTEMBER,30-09-26
7047,85536,41419,SEPTEMBER,30-09-26
710,204672,165678,SEPTEMBER,30-09-26
712,109267,205525,SEPTEMBER,30-09-26
716,96975,135963,SEPTEMBER,30-09-26
726,90829,112652,SEPTEMBER,30-09-26
738,102438,99303,SEPTEMBER,30-09-26
727,95609,136992,SEPTEMBER,30-09-26
796,75121,67213,SEPTEMBER,30-09-26
785,102438,81796,SEPTEMBER,30-09-26
793,54907,44278,SEPTEMBER,30-09-26
776,102438,68713,SEPTEMBER,30-09-26
7019,95609,-599,SEPTEMBER,30-09-26
7020,88780,94415,SEPTEMBER,30-09-26
7023,95609,108549,SEPTEMBER,30-09-26
7024,92194,90162,SEPTEMBER,30-09-26
7025,92194,499,SEPTEMBER,30-09-26
7026,116097,4506,SEPTEMBER,30-09-26
7027,109267,10254,SEPTEMBER,30-09-26
7029,143413,153632,SEPTEMBER,30-09-26
7030,146828,119848,SEPTEMBER,30-09-26
7031,143413,21177,SEPTEMBER,30-09-26
778,105853,132061,SEPTEMBER,30-09-26
765,112682,96739,SEPTEMBER,30-09-26
7039,88780,100326,SEPTEMBER,30-09-26
770,75121,132513,SEPTEMBER,30-09-26
7042,75121,34680,SEPTEMBER,30-09-26
703,221096,138080,SEPTEMBER,30-09-26
7046,95609,25249,SEPTEMBER,30-09-26
7049,109267,19743,SEPTEMBER,30-09-26
251,82771,163368,SEPTEMBER,30-09-26
4568,52242,245447,SEPTEMBER,30-09-26
250,77973,75541,SEPTEMBER,30-09-26
4517,149798,140846,SEPTEMBER,30-09-26
4578,80972,85784,SEPTEMBER,30-09-26
4544,73175,70115,SEPTEMBER,30-09-26
4555,80972,82406,SEPTEMBER,30-09-26
4539,80972,49340,SEPTEMBER,30-09-26
4566,70776,79397,SEPTEMBER,30-09-26
4560,65977,54946,SEPTEMBER,30-09-26
4548,86970,132121,SEPTEMBER,30-09-26
4542,91768,215366,SEPTEMBER,30-09-26
4554,74974,90033,SEPTEMBER,30-09-26
4529,50233,74696,SEPTEMBER,30-09-26
243,80972,141287,SEPTEMBER,30-09-26
4569,77973,146566,SEPTEMBER,30-09-26
4577,103764,327778,SEPTEMBER,30-09-26
4522,65503,127578,SEPTEMBER,30-09-26
4619,122058,142574,SEPTEMBER,30-09-26
4618,62978,114350,SEPTEMBER,30-09-26
4550,74974,151137,SEPTEMBER,30-09-26
4601,68976,142283,SEPTEMBER,30-09-26
4613,47420,55768,SEPTEMBER,30-09-26
4642,137952,234233,SEPTEMBER,30-09-26
4644,83971,152704,SEPTEMBER,30-09-26
4556,76773,0,SEPTEMBER,30-09-26
4646,48223,0,SEPTEMBER,30-09-26
32,312855,358176,SEPTEMBER,30-09-26
69,295966,428927,SEPTEMBER,30-09-26
13,434298,526197,SEPTEMBER,30-09-26
25,268621,396399,SEPTEMBER,30-09-26
12,485047,409485,SEPTEMBER,30-09-26
76,226800,279185,SEPTEMBER,30-09-26
159,318485,173971,SEPTEMBER,30-09-26
608,315912,201913,SEPTEMBER,30-09-26
519,295966,304685,SEPTEMBER,30-09-26
86,273447,252257,SEPTEMBER,30-09-26
653,287602,227995,SEPTEMBER,30-09-26
65,233234,180910,SEPTEMBER,30-09-26
210,143334,60112,SEPTEMBER,30-09-26
153,321702,79471,SEPTEMBER,30-09-26
78,308834,40782,SEPTEMBER,30-09-26
696,217149,187356,SEPTEMBER,30-09-26
5,601993,421603,SEPTEMBER,30-09-26
44,610028,325021,SEPTEMBER,30-09-26
62,537122,603494,SEPTEMBER,30-09-26
14,555274,493097,SEPTEMBER,30-09-26
195,446362,323897,SEPTEMBER,30-09-26
93,444874,479742,SEPTEMBER,30-09-26
209,294358,193766,SEPTEMBER,30-09-26
518,282455,310534,SEPTEMBER,30-09-26
528,260579,167833,SEPTEMBER,30-09-26
517,323954,381229,SEPTEMBER,30-09-26
516,286958,277308,SEPTEMBER,30-09-26
538,193021,203061,SEPTEMBER,30-09-26
112,233234,204591,SEPTEMBER,30-09-26
626,263796,244897,SEPTEMBER,30-09-26
610,219401,230197,SEPTEMBER,30-09-26
695,250928,200789,SEPTEMBER,30-09-26
618,236451,216617,SEPTEMBER,30-09-26
603,233234,234644,SEPTEMBER,30-09-26
109,249319,329141,SEPTEMBER,30-09-26
2001,353872,0,SEPTEMBER,30-09-26
56,255432,418083,SEPTEMBER,30-09-26
639,225192,312827,SEPTEMBER,30-09-26
616,323311,164267,SEPTEMBER,30-09-26
27,241277,269468,SEPTEMBER,30-09-26
110,257362,366262,SEPTEMBER,30-09-26
31,316877,147319,SEPTEMBER,30-09-26
524,270230,177224,SEPTEMBER,30-09-26
35,251732,144547,SEPTEMBER,30-09-26
68,261866,587582,SEPTEMBER,30-09-26
50,479015,250432,SEPTEMBER,30-09-26
70,225192,352813,SEPTEMBER,30-09-26
77,455884,356299,SEPTEMBER,30-09-26
141,196238,117486,SEPTEMBER,30-09-26
655,186587,194530,SEPTEMBER,30-09-26
8026,183209,149126,SEPTEMBER,30-09-26
22,228409,464677,SEPTEMBER,30-09-26
230,221975,125076,SEPTEMBER,30-09-26
23,276664,152219,SEPTEMBER,30-09-26
132,249319,350381,SEPTEMBER,30-09-26
2085,241277,329206,SEPTEMBER,30-09-26
2030,209106,176062,SEPTEMBER,30-09-26
2027,209106,207003,SEPTEMBER,30-09-26
2025,273447,182721,SEPTEMBER,30-09-26
79,273447,166971,SEPTEMBER,30-09-26
2002,241277,80273,SEPTEMBER,30-09-26
541,193021,259635,SEPTEMBER,30-09-26
2046,241277,190666,SEPTEMBER,30-09-26
2052,225192,167137,SEPTEMBER,30-09-26
131,176936,203601,SEPTEMBER,30-09-26
609,317359,273142,SEPTEMBER,30-09-26
2009,241277,119215,SEPTEMBER,30-09-26
2126,241277,164421,SEPTEMBER,30-09-26
2006,321702,191460,SEPTEMBER,30-09-26
4,118547,194123,SEPTEMBER,30-09-26
10,260579,266307,SEPTEMBER,30-09-26
2122,257362,189502,SEPTEMBER,30-09-26
2161,209106,283454,SEPTEMBER,30-09-26
2040,173719,315257,SEPTEMBER,30-09-26
194,225192,157588,SEPTEMBER,30-09-26
38,209106,191066,SEPTEMBER,30-09-26
2139,225192,231467,SEPTEMBER,30-09-26
2165,193021,4157,SEPTEMBER,30-09-26
49,485047,415782,SEPTEMBER,30-09-26
534,225192,232319,SEPTEMBER,30-09-26
2194,257362,185339,SEPTEMBER,30-09-26
2136,209106,47913,SEPTEMBER,30-09-26
24,193021,262138,SEPTEMBER,30-09-26
2187,209106,252383,SEPTEMBER,30-09-26
2109,96993,46623,SEPTEMBER,30-09-26
2193,273447,234552,SEPTEMBER,30-09-26
2200,241277,138543,SEPTEMBER,30-09-26
72,3573045,3552002,SEPTEMBER,30-09-26
8218,2176047,3310142,SEPTEMBER,30-09-26
3066,3375390,3251549,SEPTEMBER,30-09-26
88,6771589,7608360,SEPTEMBER,30-09-26
2107,22333857,23145549,SEPTEMBER,30-09-26
901,1364744,1297613,SEPTEMBER,30-09-26
8150,1713133,1599158,SEPTEMBER,30-09-26
2121,41307805,43764373,SEPTEMBER,30-09-26
998,130000,116096,SEPTEMBER,30-09-26
